source,text,created_at,retweet_count,favorite_count,is_retweet,id_str
Twitter for iPhone,LOSER! https://t.co/p5imhMJqS1,5/18/2020 14:55,32295,135445,FALSE,1.2624E+18
Twitter for iPhone,Most of the money raised by the RINO losers of the so-called ‚ÄúLincoln Project‚Äù goes into their own pockets. With what I‚Äôve done on Judges Taxes Regulations Healthcare the Military Vets (Choice!) &amp; protecting our great 2A they should love Trump. Problem is I BEAT THEM ALL!,5/5/2020 18:18,19706,82425,FALSE,1.25774E+18
Twitter for iPhone,....because they don‚Äôt know how to win and their so-called Lincoln Project is a disgrace to Honest Abe. I don‚Äôt know what Kellyanne did to her deranged loser of a husband Moonface but it must have been really bad. John Weaver lost big for Kasich (to me). Crazed Rick Wilson....,5/5/2020 4:46,12665,56868,FALSE,1.25753E+18
Twitter for iPhone,....lost for Evan ‚ÄúMcMuffin‚Äù McMullin (to me). Steve Schmidt &amp; Reed Galvin lost for John McCain Romney‚Äôs campaign manager (?) lost big to ‚ÄúO‚Äù &amp; Jennifer Horn got thrown out of the New Hampshire Republican Party. They‚Äôre all LOSERS but Abe Lincoln Republican is all smiles!,5/5/2020 4:46,13855,62268,FALSE,1.25753E+18
Twitter for iPhone,....get even for all of their many failures. You see these loser types don‚Äôt care about 252 new Federal Judges 2 great Supreme Court Justices a rebuilt military a protected 2nd Amendment biggest EVER Tax &amp; Regulation cuts and much more. I didn‚Äôt use any of them....,5/5/2020 4:46,8122,33261,FALSE,1.25753E+18
Twitter for iPhone,Cryin Chuck Schumer compared to what other Senators have brought home to their states has brought very little back to N.Y. A totally overrated loser the one thing he has given them is SALT. He never even called me to stop it. No wonder Cuomo &amp; most others can‚Äôt stand him. AOC!,5/1/2020 12:14,21049,90556,FALSE,1.2562E+18
Twitter for iPhone,They are Fake News Losers! https://t.co/3RHcBZogms,4/18/2020 3:35,17404,70340,FALSE,1.25135E+18
Twitter for iPhone,The Wall Street Journal Editorial Board doesn‚Äôt have a clue on how to fight and win. Their views on Tariffs &amp; Trade are losers for the U.S. but winners for other countries including China. If we followed their standards  we‚Äôd have no Country left. They should love Sleepy Joe!,4/11/2020 22:35,17187,73928,FALSE,1.2491E+18
Twitter for iPhone,Pocahontas working in conjunction with the Democrat Party totally destroyed the campaign of Bernie Sanders. If she would have quit 3 days earlier Sanders would have beaten Biden in a route it wouldn‚Äôt even have been close. They also got two other losers to support Sleepy Joe!,3/11/2020 4:55,19927,102684,FALSE,1.2376E+18
Twitter for iPhone,Elizabeth ‚ÄúPocahontas‚Äù Warren other than Mini Mike was the loser of the night. She didn‚Äôt even come close to winning her home state of Massachusetts. Well now she can just sit back with her husband and have a nice cold beer!,3/4/2020 3:35,31786,170852,FALSE,1.23505E+18
Twitter for iPhone,The biggest loser tonight by far is Mini Mike Bloomberg. His ‚Äúpolitical‚Äù consultants took him for a ride. $700 million washed down the drain and he got nothing for it but the nickname Mini Mike and the complete destruction of his reputation. Way to go Mike!,3/4/2020 3:23,31194,164102,FALSE,1.23504E+18
Twitter for iPhone,A so-called reporter named @JohnJHarwood who bombed so badly in the 2016 Presidential Debates that I thought he was going to be immediately fired (a Mini Mike type performance) is now with Fake News @CNN. A total loser!,2/29/2020 3:00,13060,59154,FALSE,1.23359E+18
Twitter for iPhone,To the people of South Carolina Tom Steyer is a joke laughed at by everyone a total incompetent. He made money in coal now he ‚Äúhates‚Äù coal. Did you see him fawning over Crazy Bernie? Has no chance a loser for South Carolina doesn‚Äôt deserve your vote!,2/28/2020 14:54,18676,93228,FALSE,1.23341E+18
Twitter for iPhone,RT @ByronYork: Amusing: First Bloomberg called for Biden Buttigieg Klobuchar to quit race. Hey all you losers leave it to Mike! Now Te‚Ä¶,2/22/2020 3:55,4082,0,TRUE,1.23106E+18
Twitter for iPhone,Mini Mike Bloomberg is a LOSER who has money but can‚Äôt debate and has zero presence you will see. He reminds me of a tiny version of Jeb ‚ÄúLow Energy‚Äù Bush but Jeb has more political skill and has treated the Black community much better than Mini! https://t.co/qIef5VhjDr,2/13/2020 13:13,22416,94518,FALSE,1.22794E+18
Twitter for iPhone,Steyer is a major loser. Just doesn‚Äôt get it. This is second time with Bernie! https://t.co/fxZh8zNhks,1/22/2020 13:23,7410,33830,FALSE,1.21997E+18
Twitter for iPhone,Two stone cold losers from Amazon WP. Almost every story is a made up lie just like corrupt pol Shifty Schiff who fraudulently made up my call with Ukraine. Fiction! https://t.co/0Oad0738NG,1/20/2020 18:48,15316,60108,FALSE,1.21933E+18
Twitter for iPhone,RT @RepMattGaetz: There are a lot of moderate Dems who recognize what a political loser impeachment is.They're encouraging their leadersh‚Ä¶,12/12/2019 12:40,5051,0,TRUE,1.20511E+18
Twitter for iPhone,Don‚Äôt get why @FoxNews puts losers on like @RepSwalwell (who got ZERO as presidential candidate before quitting) Pramila Jayapal David Cicilline and others who are Radical Left Haters? The Dems wouldn‚Äôt let @FoxNews get near their bad ratings debates yet Fox panders. Pathetic!,12/8/2019 19:42,14571,54970,FALSE,1.20376E+18
Twitter for iPhone,Why do @ShannonBream &amp; @FoxNews waste airtime on Democrat Rep. Eric Swalwell who recently left the Presidential Primaries having attained a grand number of ZERO in the polls. I don‚Äôt even know how that is possible. Fox should stay with the people that got them there not losers!,11/21/2019 12:26,12543,49794,FALSE,1.19749E+18
Twitter for iPhone,‚ÄúNancy Pelosi cares more about power than she does about principle. She did not want to go down this road. She realizes this is a huge loser for Democrats. The Founders envisioned the worst people being in politics yet they couldn‚Äôt envision this. You have these people taking...,11/13/2019 13:18,15818,59700,FALSE,1.19461E+18
Twitter for iPhone,But the Witch Hunt continues. After 3 years of relentless attacks against the Republican Party &amp; me the Do Nothing Dems are losers for America! https://t.co/met2y8VoPe,11/9/2019 16:15,16184,62448,FALSE,1.1932E+18
Twitter for iPhone,Who the hell is Joy-Ann Reid? Never met her she knows ZERO about me has NO talent and truly doesn‚Äôt have the ‚Äúit‚Äù factor needed for success in showbiz. Had a bad reputation and now works for the Comcast/NBC losers making up phony stories about me. Low Ratings. Fake News!,9/14/2019 13:04,19049,90761,FALSE,1.17286E+18
Twitter for iPhone,A made up Radical Left Story about Doral bedbugs but Bret Stephens is loaded up with them! Been calling me wrong for years along with the few remaining Never Trumpers - All Losers! https://t.co/KlzzMC40Vt,8/28/2019 3:23,12697,54509,FALSE,1.16655E+18
Twitter for iPhone,Just watched a world class loser Tim O‚ÄôBrien who I haven‚Äôt seen or spoken to in many years &amp; knows NOTHING about me except that he wrote a failed hit piece book about me 15 years ago. Fired like a dog from other jobs? Saw him on Lyin‚Äô Brian Williams Trump Slam Show. Bad TV....,8/8/2019 4:20,19724,111272,FALSE,1.15932E+18
Twitter for iPhone,....I am so amazed that MSNBC &amp; CNN can keep putting on over and over again people that have no idea what I am all about and yet they speak as experts on ‚ÄúTrump.‚Äù Same people since long before the 2016 Election and how did that work out for the Haters and Losers. Not well!,8/8/2019 4:20,19748,111268,FALSE,1.15932E+18
Twitter for iPhone,Great news for the Republican Party as one of the dumbest &amp; most disloyal men in Congress is ‚Äúquitting‚Äù the Party. No Collusion No Obstruction! Knew he couldn‚Äôt get the nomination to run again in the Great State of Michigan. Already being challenged for his seat. A total loser!,7/4/2019 13:05,25722,116119,FALSE,1.14677E+18
Twitter for iPhone,RT @RealCandaceO: You cannot be a victim and a victor at the same time. You can either choose to win or accept your status as a loser.‚Ä¶,7/4/2019 12:42,16065,0,FALSE,1.14676E+18
Twitter for iPhone,Big Rally tomorrow night in Orlando Florida looks to be setting records. We are building large movie screens outside to take care of everybody. Over 100000 requests. Our Country is doing great far beyond what the haters &amp; losers thought possible - and it will only get better!,6/17/2019 12:00,25894,106228,FALSE,1.14059E+18
Twitter for iPhone,The Corrupt News Media is totally out of control - they have given up and don‚Äôt even care anymore. Mainstream Media has ZERO CREDIBILITY - TOTAL LOSERS!,6/15/2019 19:04,26250,104743,FALSE,1.13997E+18
Twitter for iPhone,....other than to know he was and is a total Loser. When he makes statements about me they are made up he knows nothing!,6/9/2019 3:54,10528,59643,FALSE,1.13757E+18
Twitter for iPhone,.@SadiqKhan who by all accounts has done a terrible job as Mayor of London has been foolishly ‚Äúnasty‚Äù to the visiting President of the United States by far the most important ally of the United Kingdom. He is a stone cold loser who should focus on crime in London not me......,6/3/2019 7:51,47335,201594,FALSE,1.13545E+18
Twitter for iPhone,....he would see that it was nevertheless strong on NO COLLUSION and ultimately NO OBSTRUCTION...Anyway how do you Obstruct when there is no crime and in fact the crimes were committed by the other side? Justin is a loser who sadly plays right into our opponents hands!,5/19/2019 13:55,17264,78231,FALSE,1.13011E+18
Twitter for iPhone,....There is nothing to admire about them they will always try to show a glimmer of vicious hope but they are losers and barely breathing. Think about that before you destroy your lives and the lives of your family!,3/22/2019 16:15,18777,105976,FALSE,1.10913E+18
Twitter for iPhone,George Conway often referred to as Mr. Kellyanne Conway by those who know him is VERY jealous of his wife‚Äôs success &amp; angry that I with her help didn‚Äôt give him the job he so desperately wanted. I barely know him but just take a look a stone cold LOSER &amp; husband from hell!,3/20/2019 11:51,26011,127551,FALSE,1.10834E+18
Twitter for iPhone,A total loser! https://t.co/vm3Vv2f9jf,3/19/2019 12:34,15861,69178,FALSE,1.10798E+18
Twitter for iPhone,RT @vmbb12: We have to fight back. They have not let up on President Trump nor his supporters since they lost. They are losers we are win‚Ä¶,3/17/2019 21:36,15485,0,FALSE,1.1074E+18
Twitter for iPhone,....must stay strong and fight back with vigor. Stop working soooo hard on being politically correct which will only bring you down and continue to fight for our Country. The losers all want what you have don‚Äôt give it to them. Be strong &amp; prosper be weak &amp; die! Stay true....,3/17/2019 13:33,26567,104362,FALSE,1.10727E+18
Twitter for iPhone,‚ÄúNow that the Dems are going to try &amp; switch from Collusion to some other reason it makes them continue to look like sore losers who didn‚Äôt accept the WILL OF THE PEOPLE in the last election - they will do anything to get rid of the President.‚Äù @AriFleischer It will never work!,3/4/2019 20:06,25885,102759,FALSE,1.10266E+18
Twitter for iPhone,I never said anything bad about Andrew McCabe‚Äôs wife other than she (they) should not have taken large amounts of campaign money from a Crooked Hillary source when Clinton was under investigation by the FBI. I never called his wife a loser to him (another McCabe made up lie)!,2/19/2019 16:05,25963,116520,FALSE,1.09789E+18
Twitter for iPhone,Lyin‚Äô James Comey Andrew McCabe Peter S and his lover agent Lisa Page &amp; more all disgraced and/or fired and caught in the act. These are just some of the losers that tried to do a number on your President. Part of the Witch Hunt. Remember the ‚Äúinsurance policy?‚Äù This is it!,1/12/2019 14:20,27269,110175,FALSE,1.08409E+18
Twitter for iPhone,How can ‚ÄúSenator‚Äù Richard Blumenthal who went around for twenty years as a Connecticut politician bragging that he was a great Marine war hero in Vietnam (then got caught and sobbingly admitted he was neither a Marine nor ever in Vietnam) pass judgement on anyone? Loser!,8/17/2018 0:56,30040,110496,FALSE,1.03026E+18
Twitter for iPhone,...really bad things. Nasty to people &amp; would constantly miss meetings &amp; work. When Gen. Kelly came on board he told me she was a loser &amp; nothing but problems. I told him to try working it out if possible because she only said GREAT things about me - until she got fired!,8/13/2018 13:50,18386,80892,FALSE,1.029E+18
Twitter for iPhone,.....Will the FBI ever recover it‚Äôs once stellar reputation so badly damaged by Comey McCabe Peter S and his lover the lovely Lisa Page and other top officials now dismissed or fired? So many of the great men and women of the FBI have been hurt by these clowns and losers!,8/11/2018 13:18,25591,104931,FALSE,1.02827E+18
Twitter for iPhone,.....Will the FBI ever recover it‚Äôs once stellar reputation so badly damaged by Comey McCabe Peter S and his lover the lovely Lisa Page and other top officials now dismissed or fired? So many of the great men and women of the FBI have been hurt by these clowns and losers!,8/11/2018 12:49,4352,15424,FALSE,1.02826E+18
Twitter for iPhone,Why was the FBI‚Äôs sick loser Peter Strzok working on the totally discredited Mueller team of 13 Angry &amp; Conflicted Democrats when Strzok was giving Crooked Hillary a free pass yet telling his lover lawyer Lisa Page that ‚Äúwe‚Äôll stop‚Äù Trump from becoming President? Witch Hunt!,6/18/2018 0:42,21339,84263,FALSE,1.00851E+18
Twitter for iPhone,The fact that I am having a meeting is a major loss for the U.S. say the haters &amp; losers. We have our hostages testing research and all missle launches have stoped and these pundits who have called me wrong from the beginning have nothing else they can say! We will be fine!,6/11/2018 22:04,33959,150303,FALSE,1.0063E+18
Twitter for iPhone,....non-existent ‚Äúsources‚Äù and a drunk/drugged up loser who hates Michael a fine person with a wonderful family. Michael is a businessman for his own account/lawyer who I have always liked &amp; respected. Most people will flip if the Government lets them out of trouble even if....,4/21/2018 13:10,10795,49503,FALSE,9.8768E+17
Twitter for iPhone,....non-existent ‚Äúsources‚Äù and a drunk/drugged up loser who hates Michael a fine person with a wonderful family. Michael is a businessman for his own account/lawyer who I have always liked &amp; respected. Most people will flip if the Government lets them out of trouble even if....,4/21/2018 12:17,2671,10374,FALSE,9.87667E+17
Twitter for iPhone,The Fake News of big ratings loser CNN. https://t.co/rYsv90cnvs,2/18/2018 13:46,19637,76885,FALSE,9.65221E+17
Twitter for iPhone,The Democrats want to shut down the Government over Amnesty for all and Border Security. The biggest loser will be our rapidly rebuilding Military at a time we need it more than ever. We need a merit based system of immigration and we need it now! No more dangerous Lottery.,1/16/2018 14:07,24015,100620,FALSE,9.53268E+17
Twitter for iPhone,The Fake News Awards those going to the most corrupt &amp; biased of the Mainstream Media will be presented to the losers on Wednesday January 17th rather than this coming Monday. The interest in and importance of these awards is far greater than anyone could have anticipated!,1/7/2018 20:35,37762,151191,,9.50104E+17
Twitter for iPhone,Michael Wolff is a total loser who made up stories in order to sell this really boring and untruthful book. He used Sloppy Steve Bannon who cried when he got fired and begged for his job. Now Sloppy Steve has been dumped like a dog by almost everyone. Too bad! https://t.co/mEeUhk5ZV9,1/6/2018 4:32,23915,88836,,9.49499E+17
Twitter for iPhone,Crooked Hillary Clinton is the worst (and biggest) loser of all time. She just can‚Äôt stop which is so good for the Republican Party. Hillary get on with your life and give it another try in three years!,11/18/2017 13:31,51390,191955,FALSE,9.31878E+17
Twitter for iPhone,While in the Philippines I was forced to watch @CNN which I have not done in months and again realized how bad and FAKE it is. Loser!,11/15/2017 10:45,32702,135601,FALSE,9.30749E+17
Twitter for iPhone,RT @realDonaldTrump: Loser terrorists must be dealt with in a much tougher manner.The internet is their main recruitment tool which we must‚Ä¶,9/17/2017 13:03,21445,0,TRUE,9.09402E+17
Twitter for iPhone,Loser terrorists must be dealt with in a much tougher manner.The internet is their main recruitment tool which we must cut off &amp; use better!,9/15/2017 10:48,21411,97462,FALSE,9.08644E+17
Twitter for iPhone,Another attack in London by a loser terrorist.These are sick and demented people who were in the sights of Scotland Yard. Must be proactive!,9/15/2017 10:42,29327,110223,FALSE,9.08642E+17
Twitter for iPhone,RT @Bet22325450ste: @FoxBusiness @foxandfriends Come on America. Get on the Trump Train. The winners already have boarded! The losers are w‚Ä¶,8/4/2017 13:20,9648,0,TRUE,8.93462E+17
Twitter for Android,.@CNN just doesn't get it and that's why their ratings are so low - and getting worse. Boring anti-Trump panelists mostly losers in life!,9/17/2016 13:13,12708,39146,FALSE,7.77133E+17
Twitter for iPhone,Bill Kristol has been wrong for 2yrs-an embarrassed loser but if the GOP can't control their own then they are not a party. Be tough R's!,5/29/2016 22:53,5076,16261,FALSE,7.37054E+17
Twitter for Android,"@daybastrop @foxandfriends @BretBaier The liars that signed the pledge and now won't support @realDonaldTrump IS the reason they are losers,05-09-2016 12:15:04,3520,10096,false,729645861089775616
Twitter for iPhone,Phony Club For Growth tried to shake me down for one million dollars &amp; is now putting out nasty negative ads on me. They are total losers!,03-09-2016 21:46:12,4856,13859,false,707683931609550848
Twitter for Android,.@FoxNews is devastated that lightweight Senator Marco Rubio got trounced tonight and is the big loser. I won the two big states great!,03-06-2016 05:40:37,5472,19409,false,706353772751163392
Twitter for Android,@SirHatchporch: Mary Kissel is an SNL character right? She's not a real person right? #MorningJoe""  She is a major loser - no clue!",3/4/2016 12:29,1630,5944,FALSE,7.05732E+17
Twitter for Android,Have a good chance to win Texas on Tuesday. Cruz is a nasty guy not one Senate endorsement and despite talk gets nothing done. Loser!,2/26/2016 14:02,4815,15440,FALSE,7.03219E+17
Twitter for Android,There are no buyers for the worthless @NYDailyNews but little Mort Zuckerman is frantically looking. It is bleeding red ink - a total loser!,2/11/2016 14:13,2062,6845,FALSE,6.97785E+17
Twitter for iPhone,Really dumb @CheriJacobus. Begged my people for a job. Turned her down twice and she went hostile. Major loser zero credibility!,2/6/2016 2:01,1725,4860,FALSE,6.95789E+17
Twitter for iPhone,Dope Frank Bruni said I called many people including Karl Rove losers-true! I never called my friend @HowardStern a loser- he‚Äôs a winner!,1/19/2016 14:44,1456,4280,FALSE,6.89458E+17
Twitter for iPhone,Joe McQuaid (@deucecrew) is desperately trying to sell the @UnionLeader. It's a loser and my comments haven't helped him much.,12/30/2015 15:22,766,2488,FALSE,6.8222E+17
Twitter for Android,"@Sir_Max: andreajmarkley: Rubio finally gets an endorsement ‚Äì from #Benghazi loser Gowdy #Tcot #pjnet https://t.co/lJcHG0IHaM via dailyne,12-27-2015 12:37:24,929,2210,false,681091509811306496
Twitter for Android,.@JebBush today said he didn't want to be the front-runner he would rather be where he is now 2%. That is the talk of a loser can't win!,12-21-2015 04:42:21,3119,8076,false,678797631250911232
Twitter for Android,Something must be done with dopey @KarlRove - he is pushing Republicans down the same old path of defeat. Don't fall for it Karl is a loser,12-13-2015 05:28:50,2528,6031,false,675910224855855104
Twitter for Android,Why does @CNN bore their audience with people like @secupp a totally biased loser who doesn't have a clue. I hear she will soon be gone!,12-10-2015 02:25:58,1471,4041,false,674777043163332608
Twitter for Android,@mysteriousLoser: @realDonaldTrump did you hear the mayor nutter of philadelphias comments towards you? Ignorance"" Yes he is a crude dope!",12/9/2015 13:20,944,2740,FALSE,6.74579E+17
Twitter for Android,@KarlRove just totally bombed on @Morning_Joe. @FoxNews has him on even though he has lost all credibility - a loser!  Fox should dump Rove.,11/25/2015 13:40,681,1445,FALSE,6.69511E+17
Twitter Web Client,Republicans must stop relying on losers like @KarlRove if they want to start winning presidential elections. Be tough and get smart!,11/24/2015 20:02,2477,5192,FALSE,6.69245E+17
Twitter for Android,"The media must immediately stop calling ISIS leaders ""MASTERMINDS."" Call them instead thugs and losers. Young people must not go into ISIS!",11/20/2015 12:50,6526,12758,FALSE,6.67686E+17
Twitter for Android,I have watched sloppy Graydon Carter fail and close Spy Magazine and now am watching him fail at @VanityFair Magazine. He is a total loser!,11/15/2015 23:47,797,2166,FALSE,6.6604E+17
Twitter for Android,@N_R_Mandela: @realDonaldTrump And you're still a negative loser and Trump is still a positive winner. I'm Black and proudly voting TRUMP!,11/1/2015 5:15,925,2361,FALSE,6.60687E+17
Twitter for Android,The money losing @politico is considered by many in the world of politics to be the dumbest and most slanted of the political sites. Losers!,10/29/2015 10:47,1266,2537,FALSE,6.59683E+17
Twitter for Android,@joeoh89: @seanhannity  @realDonaldTrump What happened to The Pledge? Walker quits and slams Trump. Losers proving Pledge was sham.,9/22/2015 2:27,1555,2498,FALSE,6.46149E+17
Twitter for Android,@MlSSTHOT: @realDonaldTrump: Ignore the losers and the haters you are  going to make this country great again,9/12/2015 11:19,650,1589,FALSE,6.42659E+17
Twitter for Android,"@RubenMMoreno: @realDonaldTrump The biggest loser in the debate was @megynkelly. You can't out trump Donald Trump. You will lose!,08-07-2015 07:23:31,866,1977,false,629553442944602112
Twitter Web Client,Via @fitsnews: ‚ÄúDonald Trump: John McCain Is ‚ÄòA Loser‚Äô‚Äù http://t.co/sgiETvdUqi,07-18-2015 21:45:48,438,905,false,622522682245033984
Twitter Web Client,.@KarlRove wasted $400 million + and didn‚Äôt win one race‚Äîa total loser. @FoxNews,07-16-2015 15:02:34,537,845,false,621696429749325825
Twitter for Android,@nojoed: @realDonaldTrump @KarlRove Karl why don't you sit this election cycle out we had enough losers to last us a life time."" True.",6/22/2015 19:59,99,228,FALSE,6.13074E+17
Twitter Web Client,It's time for government to stop picking winners &amp; losers. Let‚Äôs make sure everyone can achieve the American dream! https://t.co/u25yI5T7E8,6/22/2015 16:35,229,438,FALSE,6.13023E+17
Twitter for Android,@_Snurk: @realDonaldTrump¬†Love it! Always respect FIGHTERS over overrated loser POLITITIANS!! Inspire GREATNESS! #TRUMP #2016,6/16/2015 7:30,21,58,FALSE,6.10711E+17
Twitter for Android,@Bobzilla305: @realDonaldTrump @krauthammer is a progressive making money off of the Conservative viewership A total loser!,6/5/2015 4:10,26,45,FALSE,6.06674E+17
Twitter Web Client,All the haters &amp; losers must admit that unlike others I never attacked dopey Jon Stewart for his phony last name. Would never do that!,6/1/2015 16:20,125,192,FALSE,6.05409E+17
Twitter Web Client,While Jon Stewart is a joke not very bright and totally overrated some losers and haters will miss him &amp; his dumb clown humor. Too bad!,6/1/2015 16:19,290,389,FALSE,6.05408E+17
Twitter for Android,All the haters and losers must admit that unlike others  I never attacked dopey Jon Stewart for his phony last name. Would never do that!,5/31/2015 2:33,306,405,FALSE,6.04838E+17
Twitter for Android,While Jon Stewart is a joke not very bright and totally overrated some losers and haters will miss him and his dumb clown humor. Too bad!,5/31/2015 1:48,444,656,FALSE,6.04827E+17
Twitter for Android,I would like to wish everyone including all haters and losers (of which sadly there are many) a truly happy and enjoyable Memorial Day!,5/24/2015 20:26,8567,11084,FALSE,6.02571E+17
Twitter for Android,@HarmonBrew: @FoxNews @megynkelly  DonaldTrump #KellyFile Trump is so right about Geller. Megyn stop advocating for her; its a loser.,5/21/2015 5:58,11,12,FALSE,6.01266E+17
Twitter Web Client,@KhathuEnos  ignoring haters and losers is the best medicine of success build a wall from whatever they throw towards you Sir.,5/18/2015 14:30,51,74,FALSE,6.00308E+17
Twitter for Android,@utkarsh_chheda: @realDonaldTrump @Elgianne damn.. a lot of haters follow u....  Haters and losers!,5/18/2015 12:11,22,46,FALSE,6.00272E+17
Twitter for Android,Why do we always try to destroy our true champions and winners in this country while at the same time leaving the losers alone? STUPID!,5/11/2015 23:47,1908,2163,FALSE,5.97911E+17
Twitter for Android,"@ScottFConroy: Kentucky Derby? More like Kentucky Losers! DonaldTrump is only horse in race that matters for America! Strong fierce noble,05-02-2015 22:59:19,68,105,false,594637318754992128
Twitter for Android,.@NRO  Not much is as dead"" or irrelevant as National Review thanks to guidance of Goldberg a total loser! Get some real talent or fold!",4/25/2015 14:40,72,109,FALSE,5.91975E+17
Twitter for Android,For all of the haters and losers out there sorry I never went Bankrupt -- but I did build a world class company and employ many people!,4/18/2015 11:21,436,717,FALSE,5.89388E+17
Twitter for Android,"@BretBaier: Tonight on the #SpecialReport panel we have @georgewillf @ron_fournier and @JonahNRO. What a group of losers on your panel!,04-18-2015 02:10:05,16,43,false,589249511714902016
Twitter for Android,Thanks @JamersonHayes they are all total losers with nothing going for them!,04-12-2015 01:54:20,13,39,false,587071216990756864
Twitter for Android,@tijfbutler: Greatest Easter greeting ever RT‚Äú@realDonaldTrump: I wish everyone including the haters and losers a very happy Easter!‚Äù""",4/5/2015 19:55,57,97,FALSE,5.84807E+17
Twitter for Android,I wish everyone including the haters and losers a very happy Easter!,4/5/2015 9:24,12290,13177,FALSE,5.84648E+17
Twitter for Android,"@MotAmazeBeGREAT: What separates the winners from the losers is how a person reacts to each new twist of fate."" - Donald Trump",2/14/2015 2:36,76,93,FALSE,5.66426E+17
Twitter for Android,@VMilaccio: #DonaldTrump was right about #RosieODonnell. She is a no talent loser who deserves her comeuppance. @realDonaldTrump,2/11/2015 2:50,23,73,FALSE,5.65342E+17
Twitter for Android,"@realmissalusa: What separates the winners from the losers is how a person reacts to each new twist of fate."" @realDonaldTrump üëë‚ú®""",1/27/2015 2:18,51,102,FALSE,5.59898E+17
Twitter for Android,@Pretty_Nikki21: @realDonaldTrump is trying to set @KenyaMoore up putting her in loser seats #CelebApprentice,1/27/2015 2:17,7,18,FALSE,5.59898E+17
Twitter Web Client,Why do people give @KarlRove contributions when they know he is a loser who has no idea how to win? http://t.co/mbnmf8D8jI,1/26/2015 21:52,74,108,FALSE,5.59831E+17
Twitter for Android,Word is that @NBCNews is firing sleepy eyes Chuck Todd in that his ratings on Meet the Press are setting record lows. He's a real loser!,1/25/2015 15:48,184,207,FALSE,5.59377E+17
Twitter for Android,Despite what the haters and losers like to say I never filed for bankruptcy but WOW the preeminent gaming company Caesars just did.,1/15/2015 15:51,121,123,FALSE,5.55754E+17
Twitter for Android,To EVERYONE including all haters and losers HAPPY NEW YEAR. Work hard be smart and always remember  WINNING TAKES CARE OF EVERYTHING!,12/31/2014 21:15,1271,1209,FALSE,5.504E+17
Twitter Web Client,What separates the winners from the losers is how a person reacts to each new twist of fate.,12/30/2014 21:50,580,512,FALSE,5.50046E+17
Twitter for Android,@rinibobusepi: RT @realDonaldTrump ‚ÄúYou're never a loser until you quit trying‚Äù - Mike Ditka,12/30/2014 11:16,61,64,FALSE,5.49887E+17
Twitter for Android,So many people think I will not run for President.Wow I wonder what the response will be if I do. Even the haters and losers will be happy!,12/24/2014 23:52,847,1081,FALSE,5.47903E+17
Twitter for Android,@kyleraccio: @realDonaldTrump loser newspaper &amp; loser comedian!,12/24/2014 3:47,7,15,FALSE,5.47599E+17
Twitter for Android,Sorry @Rosie is a mentally sick woman a bully a dummy and above all a loser. Other than that she is just wonderful!,12/9/2014 1:53,712,890,FALSE,5.42135E+17
Twitter for Android,@LeRoyal_Pegasus: ‚ÄúShow me someone without an ego and I'll show you a loser.‚Äù ‚Äï @realDonaldTrump,10/28/2014 12:00,79,107,FALSE,5.27067E+17
Twitter for Android,.@katyperry  Katy what the hell were you thinking when you married loser Russell Brand. There is a guy who has got nothing going a waste!,10/16/2014 23:52,6967,6872,FALSE,5.22898E+17
Twitter Web Client,I watched Russell Brand @rustyrockets on the @jimmyfallon show the other night‚Äîwhat the hell do people see in Russell‚Äîa major loser!,10/16/2014 20:50,360,449,FALSE,5.22852E+17
Twitter Web Client,Lightweight @AGSchneiderman is driving business &amp; jobs out of NY. Only wants self publicity‚Äîa total loser!,10/15/2014 16:18,34,34,FALSE,5.22421E+17
Twitter for Android,@DRJAMESCABOT: Donald you're so handsome... i can speak... Paltrow loser... Trump 2016 rock n roll back in the OVAL not Paltrow,10/13/2014 11:29,100,100,FALSE,5.21624E+17
Twitter Web Client,Lightweight @AGSchneiderman will probably win only because he is a Dem in NY but what a loser!,10/10/2014 14:32,16,43,FALSE,5.20583E+17
Twitter for Android,Every time I speak of the haters and losers I do so with great love and affection. They cannot help the fact that they were born fucked up!,9/29/2014 0:21,34453,34807,FALSE,5.16382E+17
Twitter for Android,I wonder if I run for PRESIDENT will the haters and losers vote for me knowing that I will MAKE AMERICA GREAT AGAIN? I say they will!,9/26/2014 22:52,8031,7021,FALSE,5.15635E+17
Twitter for Android,What separates the winners from the losers is how a person reacts to each new twist of fate.,9/20/2014 9:03,615,515,FALSE,5.13252E+17
Twitter for Android,I have nothing to do with Atlantic City-sold years ago (great timing). For losers and haters I NEVER went bankrupt. Plus $10 billion sorry,9/13/2014 23:54,290,473,FALSE,5.1094E+17
Twitter Web Client,Congratulations to @rushlimbaugh on his recent 26th year anniversary. Rush has revolutionized talk radio! Sorry haters and losers!,8/5/2014 19:04,152,238,FALSE,4.96733E+17
Twitter for Android,.@FrankLuntz works really hard but is a guy who just doesn't have it - a total loser!,8/4/2014 2:22,71,73,FALSE,4.96119E+17
Twitter for Android,@seankesser: @Ross_7_7 @4politics2 @lonepatrick Trump is a winner. EVERYONE knows that.Some LOSERS don't acknowledge it yet follow him,7/24/2014 3:06,16,36,FALSE,4.92144E+17
Twitter for Android,Again for all of the haters and losers I have NOTHING to do with Atlantic City - got out a long time ago!,7/14/2014 13:04,135,199,FALSE,4.8867E+17
Twitter for Android,"@FSMalang: Show me a man without an ego and I'll show you a loser"" - Donald Trump""",7/8/2014 5:32,217,206,FALSE,4.86382E+17
Twitter for Android,Happy 4th of July to everyone  including the haters and losers!,7/4/2014 4:57,6244,5729,FALSE,4.84924E+17
Twitter Web Client,‚ÄúFailures are expected by losers ignored by winners.‚Äù  -- @CoachJoeGibbs,6/26/2014 14:13,226,193,FALSE,4.82165E+17
Twitter Web Client,The dying @NYDailyNews asked me to do an Editorial on the Central Park 5 ripoff  &amp; then they pretend it was my idea. Loser newspaper!,6/23/2014 17:16,65,74,FALSE,4.81124E+17
Twitter for Android,@jperk1: @realDonaldTrump Goldberger was a loser  True really bad taste - but he's gone now!,6/22/2014 8:15,9,12,FALSE,4.80625E+17
Twitter Web Client,PM Sarah Westcot-Williams incompetence should not be rewarded. You should vote for anyone who runs against her‚Äîloser! @PrimeMinisterSX,6/19/2014 20:02,16,16,FALSE,4.79716E+17
Twitter for Android,@bigD921: @realDonaldTrump @jrnicholas8 I hope we can survive the rest of this losers 8 year term,6/17/2014 3:02,29,58,FALSE,4.78734E+17
Twitter for Android,I would like to wish all fathers even the haters and losers a very happy Fathers Day.,6/15/2014 3:37,4078,3893,FALSE,4.78018E+17
Twitter for Android,I told all of the haters and losers long ago that Iraq would fall take the OIL or get out fast! Massive waste of lives and trillions of $'s,6/12/2014 12:07,398,347,FALSE,4.7706E+17
Twitter for Android,@Wolf_Hausmann: What separates the winners from the losers is how a person reacts to each new twist of fate. --Donald Trump,6/4/2014 9:30,96,107,FALSE,4.74121E+17
Twitter for Android,"@ptarkkonen: What separates the winners from the losers is how a person reacts to each new twist of fate."" -Donald Trump #leadership""",5/23/2014 13:02,155,128,FALSE,4.69826E+17
Twitter for Android,"@WereAllLemmings: So many people post hateful messages to @realDonaldTrump yet they still follow him...secretly envious maybe? No losers!,05-17-2014 06:22:51,23,61,false,467550795723182080
Twitter Web Client,Just had a great legal victory in Ft. Lauderdale -- won trial --  now will receive tremendous $ in legal fees from losers. Love it!,05-06-2014 14:16:52,181,309,false,463683822031495168
Twitter for Android,@buff1414: @realDonaldTrump @sethmeyers Enough Donnie. Stop busting the guys balls.""  Why he's a total loser!",5/3/2014 2:33,22,31,FALSE,4.6242E+17
Twitter for Android,Wow Vanity Fair was totally shut out at the National Magazine Awards - it got NOTHING. Graydon Carter is a loser with bad food restaurants!,5/2/2014 11:15,61,72,FALSE,4.62189E+17
Twitter for Android,@miorazhari: Show me someone without an ego and I'll show you a loser. (Donald Trump),4/12/2014 9:06,118,140,FALSE,4.54908E+17
Twitter for Android,Haters and losers say I wear a wig (I don't) say I went bankrupt (I didn't) say I'm worth $3.9 billion (much more). They know the truth!,4/5/2014 21:02,975,1083,FALSE,4.52552E+17
Twitter for Android,@RivalofElmBlock: @TMZ mark cuban is a nut. way less powerful than Donald Trump  I agree - also in many ways a total loser!,4/5/2014 13:03,136,249,FALSE,4.52431E+17
Twitter for Android,To all haters and losers: I am NOT anti-vaccine but I am against shooting massive doses into tiny children. Spread shots out over time.,3/29/2014 9:11,329,597,FALSE,4.49836E+17
Twitter Web Client,You're never a loser until you quit trying. -- Mike Ditka,3/5/2014 20:40,779,550,FALSE,4.41312E+17
Twitter for Android,@christuhglo: @realDonaldTrump I love how you handle the haters You mean the haters and losers!,3/3/2014 4:26,55,110,FALSE,4.40342E+17
Twitter Web Client,Lightweight @AGSchneiderman‚Äôs phony lawsuit against Trump U was decimated by the court‚Äîhe‚Äôs a loser!,2/27/2014 14:43,143,121,FALSE,4.39048E+17
Twitter for Android,@SpinningDisk: @realDonaldTrump Ignore them Mr. Trump. Don't waste your time. Sounds like a personal problem for them. LOSERS!,2/19/2014 1:24,19,30,FALSE,4.35948E+17
Twitter Web Client,For entrepreneurs ignorance is not bliss. It's fatal. It's costly. And it's for losers. You either get organized or get crushed.,1/27/2014 19:14,737,531,FALSE,4.27882E+17
Twitter Web Client,‚ÄúYou're never a loser until you quit trying.‚Äù - Mike Ditka,1/20/2014 21:28,940,605,FALSE,4.25379E+17
Twitter Web Client,Lightweight @AGSchneiderman is fighting with @NYGovCuomo ‚ÄìCuomo wins that one easily. Schneiderman is a total loser.,1/16/2014 20:49,12,19,FALSE,4.2392E+17
Twitter for Android,@twinmama85: I love the faux confidence gives people on Twitter...your haters would never say these things to your face.Not haterslosers!,12/18/2013 3:23,61,101,FALSE,4.13147E+17
Twitter for Android,Show me someone without an ego and I'll show you a loser - having a healthy ego or high opinion of yourself is a real positive in life!,12/8/2013 8:01,1485,1409,FALSE,4.09594E+17
Twitter for Android,You can only smile when the losers of the world try so hard to put down successful people. Just remember they all want to be YOU!,12/3/2013 13:40,774,695,FALSE,4.07867E+17
Twitter Web Client,Happy Thanksgiving to all--even the haters and losers!,11/27/2013 19:22,10102,8340,FALSE,4.05779E+17
Twitter for Android,Happy Veterans Day to ALL in particular to the haters and losers who have no idea how lucky they are!!!,11/11/2013 12:59,994,787,FALSE,3.99884E+17
Twitter Web Client,‚ÄúYou're never a loser until you quit trying.‚Äù - Mike Ditka,10/30/2013 21:00,784,436,FALSE,3.95656E+17
Twitter Web Client,.@AlexSalmond suffered a huge defeat by the people of Blackdog. Communities all over Scotland are fighting this loser.,10/29/2013 16:06,40,20,FALSE,3.9522E+17
Twitter Web Client,@TheTinaBeast‚Äôs continued incompetence has led to more people losing their jobs http://t.co/W6d60Oiecc She's a perpetual job loser.,10/3/2013 19:35,7,1,FALSE,3.85851E+17
Twitter for Android,"@KobayashiNick: @realDonaldTrump do you have to retweet the only people who actually give you a complement? Should I retweet haters-losers?,09-21-2013 23:39:21,22,41,false,381563330349240320
Twitter for Android,‚Äú@realDonaldTrump: I would like to extend my best wishes to all even the haters and losers on this special date September 11th.‚Äù,09-12-2013 00:12:48,6370,3930,false,377947866641485824
Twitter for Android,@REAPEROFTRUTH: @realDonaldTrump u mad because @jayleno doesn't want u on his show? He begs me to go on his show-done it many times loser!",9/5/2013 3:50,27,31,FALSE,3.75466E+17
Twitter Web Client,The Patch a total loser for @AOL will be a good deal compared to @HuffingtonPost. @ariannahuff laughs at ‚Äústupid‚Äù Armstrong!,8/13/2013 18:43,23,6,FALSE,3.67356E+17
Twitter for Android,@pencey_mouth: remember when donald trump blocked me. i'm proud of myself  NO YOU'RE A LOSER!,8/13/2013 9:18,540,688,FALSE,3.67214E+17
Twitter for Android,"When I jokingly said ""bring back Steve Jobs to run Apple"" because Apple has not been doing well the haters &amp; losers had a field day!  Sad.",8/1/2013 12:25,162,94,FALSE,3.62912E+17
Twitter for Android,I've just started blocking out some of the repetitive and boring (&amp; dumb) haters and losers. They are a waste of time and energy!,7/25/2013 4:22,268,341,FALSE,3.60254E+17
Twitter for Android,@abbasjaf: @realDonaldTrump well Vattenfall shoulda come to you for advice. They were too arrogant and too stupid-Aberdeen turbines=losers,7/24/2013 10:20,6,8,FALSE,3.59981E+17
Twitter for Android,@SeanMcQuade: @Acliffe @realDonaldTrump jealous of his success ?  Sean don't waste your time on these losers-they have nothing going!,7/21/2013 5:30,7,17,FALSE,3.58821E+17
Twitter for Android,@JamesMattiske: @realDonaldTrump the haters are just jelous because they are not successful like you  The haters are losers with no guts!,7/14/2013 6:39,39,40,FALSE,3.56302E+17
Twitter for Android,@PhilipinDC: I've finally unfollowed @realDonaldTrump  I doubt it loser but if so you'll be back because you're lonely &amp; admire genius!,7/13/2013 22:59,152,165,FALSE,3.56186E+17
Twitter for Android,@MrPerfect4: @realDonaldTrump how come u only reply to compliments?  Because I like nice people far better than the losers and haters.,7/13/2013 3:09,148,248,FALSE,3.55887E+17
Twitter for Android,@GZervs: @realDonaldTrump why would Howard ever want to play for the loser owner Cuban ?  I guess he didn't!,7/6/2013 1:36,12,10,FALSE,3.53326E+17
Twitter for Android,"@stevemit30: @realDonaldTrump everyone knew he was going to Houston - Bullshit loser most thought Lakers or Dallas!,07-06-2013 01:15:13,40,30,false,353321201768202241
Twitter for Android,@m_i_c_h_a_e_l_m: @realDonaldTrump you are a very handsome man""   I know but the haters and losers never give me credit for that! Too bad.",7/6/2013 1:12,155,108,FALSE,3.53321E+17
Twitter for Android,"@Numerologynow: @realDonaldTrump U R RICH because your #DADDY left U with 400 Million. I only wish my daddy left me 400M loser-Now over 10B,07-04-2013 14:45:31,49,40,false,352800343547052034
Twitter for Android,Sharks are last on my list - other than perhaps the losers and haters of the World!,07-04-2013 14:28:50,762,846,false,352796146927796226
Twitter for Android,Everytime someone tweets that I wear a wig realize to yourself that you are dealing with them"" - just another sad &amp; lonely hater and loser!",6/30/2013 0:54,795,861,FALSE,3.51142E+17
Twitter for Android,"@MrsDaRe: @jimbhoyx @realDonaldTrump If you hate him so much then why do you follow him? Because these people are serious losers (&amp; lonley),06-30-2013 00:46:29,14,22,false,351139641774182401
Twitter for Android,I like doing this once a month for the haters &amp; losers (and as they know)-I don't wear a wig"". Some may not like my hairstyle but all mine",6/30/2013 0:39,337,232,FALSE,3.51138E+17
Twitter for Android,What my father really gave me is a good (great) brain motivation and the benefit of his experience-unlike the haters and losers (lazy!).,6/29/2013 23:25,317,314,FALSE,3.51119E+17
Twitter Web Client,@DannyZuker Loser Danny is obsessed with Trump.,6/20/2013 17:25,15,35,FALSE,3.47767E+17
Twitter for Android,@not_that_actor: @realDonaldTrump It continues to amaze me how losers just can't stand your success DJ. But success is the best revenge,6/20/2013 11:28,47,36,FALSE,3.47677E+17
Twitter for Android,Like it or not haters and losers everybody is talking about Miss U.S.A. and Miss Utah. By the way she is a fine young woman-unfair to her.,6/18/2013 1:13,187,142,FALSE,3.46798E+17
Twitter Web Client,I own @DannyZuker but he has his friends &amp; haters &amp; losers tweeting that he beat me. He can‚Äôt beat me at anything!,6/17/2013 20:13,60,49,FALSE,3.46722E+17
Twitter for Android,Happy Father's Day to all even the haters and losers!,6/15/2013 23:43,2722,2041,FALSE,3.4605E+17
Twitter for Android,@Tigergal62: Not very presidential: @realDonaldTrump: .@DannyZuker Danny--You're a total loser!  Perhaps but 100% true!,6/13/2013 1:26,16,7,FALSE,3.44989E+17
Twitter for Android,@Who_MikeJones6: @realDonaldTrump #Trump2016 #zukerisaloser,6/12/2013 20:08,6,8,FALSE,3.44909E+17
Twitter Web Client,.@DannyZuker  Danny--You're a total loser!,6/12/2013 19:26,148,196,FALSE,3.44898E+17
Twitter for Android,@Ghetto_Trophy: @realDonaldTrump how are you a billionaire?  You mean ten times over hater (loser).,5/27/2013 23:48,101,122,FALSE,3.39166E+17
Twitter for Android,"@thatBrody: @realDonaldTrump The @SternShow would never have @DannyZuker on. A.) Not funny enough. B.) Not famous enough. C) Hates losers.,05-25-2013 23:07:27,8,13,false,338431147115687936
Twitter for Android,@MikeMcCabeSad: @realDonaldTrump @DannyZuker the fact that you keep tweeting at him is showing why you lost""  True Danny is a known loser!",5/25/2013 22:36,16,20,FALSE,3.38423E+17
Twitter for Android,"@RealSonnyNewman: @realDonaldTrump wins @DannyZuker is afraid of you and knows he is a pathetic loser. Mr. Trump you are a role model.,05-25-2013 22:10:58,4,9,false,338416929679241217
Twitter for Android,@raybongz: RT @realDonaldTrump: It should be mandatory that all haters and losers use their real name or identification. Say it again!",5/25/2013 21:24,17,17,FALSE,3.38405E+17
Twitter for Android,"@DannyZuker: .@realDonaldTrump I'll never respond to your asinine bet. You're gutless Danny and you don't even know what the bet is-loser!,05-25-2013 20:56:54,13,21,false,338398290490040320
Twitter for Android,@TorresTerrell: @realDonaldTrump whoa.....what are they so mad about? #KeepCalm""  Don't worry it's just the same old losers and haters!",5/25/2013 20:36,14,16,FALSE,3.38393E+17
Twitter for Android,Hope everyone is watching the Finale rerun of Celebrity Apprentice on CNBC-especially the haters and losers! It is on right now.,5/25/2013 0:35,42,43,FALSE,3.38091E+17
Twitter for Android,It should be mandatory that all haters and losers use their real name or identification when tweeting - they will no longer be so brave!,5/24/2013 21:21,1186,1349,FALSE,3.38042E+17
Twitter for Android,I loved beating these two terrible human beings. I would never recommend that anyone use her lawyer he is a total loser!,5/23/2013 23:24,65,41,FALSE,3.37711E+17
Twitter for Android,@markwonderful   Sorry Graydon Carter is a major loser just ask his wife!,5/23/2013 0:49,3,5,FALSE,3.3737E+17
Twitter for Android,@Subhana_Anwar   It's easy just think of haters as losers with.little imagination and even less understanding of success-and very lazy!,5/19/2013 12:16,3,3,FALSE,3.36093E+17
Twitter for Android,@theRealRyanMatt: @realDonaldTrump i never seen apprentice or shark tank am i a fat loser?  No just a loser!,5/11/2013 21:36,145,141,FALSE,3.33335E+17
Twitter for Android,@DurantRandy: @realDonaldTrump Mr. Trump; some of these losers just don't get it. They need to look at why your on top.,5/11/2013 10:31,23,26,FALSE,3.33168E+17
Twitter for Android,Sorry losers and haters but my I.Q. is one of the highest -and you all know it! Please don't feel so stupid or insecureit's not your fault,5/9/2013 1:37,60747,55071,FALSE,3.32308E+17
Twitter for Android,"@MarkDRucker1: @realDonaldTrump I wish you'd spend more time building people up rather than tearing them down. I only tear down losers.,05-08-2013 04:43:28,86,91,false,331992723353636865
Twitter for Android,@gdelag: @realDonaldTrump @rodmonium91 Just ck how many followers have each follower.  But I notice you follow loser-boredom without Trump!",5/8/2013 3:24,5,8,FALSE,3.31973E+17
Twitter Web Client,Amazing how the haters &amp; losers keep tweeting the name ‚ÄúF**kface Von Clownstick‚Äù like they are so original &amp; like no one else is doing it...,5/3/2013 16:35,35968,32399,FALSE,3.3036E+17
Twitter Web Client,It's crunch time. This Sunday's All-Star Celebrity @ApprenticeNBC's task will separate the winners from the losers.,5/3/2013 15:23,15,13,FALSE,3.30342E+17
Twitter for Android,"@pzarrella21: @realDonaldTrump I don't understand the trolls that follow celebrities to curse them out on a daily basis. #getalife. LOSERS!,05-02-2013 22:56:32,49,58,false,330093477872414721
Twitter for Android,@BridgetGonzale3: @realDonaldTrump I mean seriously come on Donald Trump is the coolest guy ever.""  Thanks but easy against the losers!",4/30/2013 2:50,24,19,FALSE,3.29065E+17
Twitter for Android,@DannyZuker  Night loser!,4/30/2013 2:42,103,135,FALSE,3.29063E+17
Twitter for Android,"@PureManhattan: @DannyZuker @realDonaldTrump Id rather support The Don than some clown. Just saying. Danny you are a clown.Yes and loser!,04-30-2013 02:20:16,14,11,false,329057584847925248
Twitter for Android,@jtan_from_ott: @realDonaldTrump would ever have a loser like @dannyzuker on the apprentice? His stupidity could be funny. Interesting!",4/30/2013 1:53,12,35,FALSE,3.29051E+17
Twitter for Android,@PyperProblems: @realDonaldTrump someone needs to fire @DannyZuker !  He will fire himself-a total loser!,4/30/2013 0:11,19,15,FALSE,3.29025E+17
Twitter Web Client,‚ÄúFailed show @DannyZuker‚Äù I have never heard of you and was told you are a loser-after reading your credits I have no questions about it!,4/29/2013 19:32,60,80,FALSE,3.28955E+17
Twitter for Android,@jTheCollegeKid: @realDonaldTrump @joooooojaah Shut up Trump I'm unfollowing you  Great but you won't stop loser-you have no control!,4/27/2013 3:24,27,47,FALSE,3.27987E+17
Twitter Web Client,Wow I‚Äôm at 2200000  followers but I‚Äôd love to get rid of the haters &amp; losers‚Äîthey‚Äôre such a waste of time!,4/25/2013 16:50,368,396,FALSE,3.27465E+17
Twitter Web Client,@Ashley33331 True but the losers don't know that--thanks.,4/25/2013 16:31,3,1,FALSE,3.2746E+17
Twitter Web Client,@thebageldogs @frankshow @kristinaoakes Thanks--the haters &amp; losers know that too.,4/25/2013 16:28,1,3,FALSE,3.27459E+17
Twitter for Android,"@DaveCentrist: @realDonaldTrump The most over-rated person on the planet Donald J. Trump. Except by himself. Why do you follow loser?,04-25-2013 13:11:53,17,21,false,327409630974205952
Twitter Web Client,As everybody knows but the haters &amp; losers refuse to acknowledge I do not wear a ‚Äúwig.‚Äù My hair may not be perfect but it‚Äôs mine.,04-24-2013 15:10:25,6190,5245,false,327077073380331525
Twitter for Android,I have many great people but also an amazing number of haters and losers responding to my tweets-why do these lowlifes follow-nothing to do!,04-24-2013 08:34:56,273,294,false,326977545352392704
Twitter for Android,My ties and shirts are doing very big numbers @Macy's beyond my wildest thoughts! Thanks @GoAngelo and the rest of the losers for mentions!,04-22-2013 06:51:08,41,31,false,326226646245986304
Twitter for Android,@Lumberportal: @realDonaldTrump I don't think the haters or losers bother Donald one bit haha. Do they affect you in anyway?"" No!",4/20/2013 11:04,17,12,FALSE,3.25566E+17
Twitter for Android,@Jarius_Rembert: @realDonaldTrump has a lot of haters. Not haters losers!,4/20/2013 10:52,50,65,FALSE,3.25563E+17
Twitter for Android,I hope everyone (especially the haters and losers) goes to Macy's today and buys some DJT ties shirts and suits-and SUCCESS Fragrance-love!,4/10/2013 11:42,132,91,FALSE,3.21951E+17
Twitter for Android,Sorry losers and haters but I LOVED the great energy in Madison Square Garden during my speech. The WWE thought it was incredible - it was!,4/10/2013 10:25,176,171,FALSE,3.21932E+17
Twitter for Android,"@ec364: @realDonaldTrump where's Sadam's billiions of $$ after Bush invested American taxpayer$. We were too stupid to take it-loser pols!,04-07-2013 10:56:28,32,18,false,320852568920166401
Twitter for Android,@rodmonium91: @realDonaldTrump Will the Mavs make the playoffs what do u think Mr Trump?"" No Mark Cuban is a loser!",4/5/2013 13:22,125,95,FALSE,3.20164E+17
Twitter for Android,The haters and losers that assume I was a non-athlete and know nothing about coaches should look into my past-unlike our President-open book,4/3/2013 12:58,207,169,FALSE,3.19434E+17
Twitter Web Client,.@MichelleMalkin would be nothing without being on the @seanhannity show.  I don‚Äôt see what Sean sees in her‚Äîloser!,3/22/2013 17:50,100,61,FALSE,3.15159E+17
Twitter Web Client,Why do the losers &amp; haters always say I wear a ‚Äúwig‚Äù when they know I don‚Äôt.  Like it or not it‚Äôs all mine‚Äîjust ask Barbara Walters.,3/20/2013 21:41,700,550,FALSE,3.14492E+17
Twitter Web Client,Why do shows have @ananavarro‚ÄîNtl Hispanic Chair for the losing McCain ‚Äô08 &amp; Huntsman ‚Äô12.  She‚Äôs a loser who doesn‚Äôt deliver votes.,3/19/2013 18:13,46,40,FALSE,3.14077E+17
Twitter for Android,Golf match? I've won 18 Club Championships including this weekend. @mcuban swings like a little girl with no power or talent. Mark's a loser,3/19/2013 11:07,1410,1482,FALSE,3.1397E+17
Twitter for Android,@johnbravo_1: @realDonaldTrump @kmac5911 @mcuban Hey Donald! What's the best confidence builder?   Going against losers like Mark Cuban!,3/19/2013 3:26,220,244,FALSE,3.13854E+17
Twitter for Android,@bearmntn  But I like picking on losers!,3/19/2013 0:20,9,13,FALSE,3.13807E+17
Twitter for Android,@salesdan48: @realDonaldTrump Mark will go down in history as a clownish buffoon. Mark my words. I agree with you-and a loser!,3/18/2013 21:23,16,8,FALSE,3.13763E+17
Twitter Web Client,Great article by @jameshohmann @politico explaining why @KarlRove was biggest loser @CPACnews http://t.co/QHnym5AjPG James is sharp.,3/18/2013 20:34,15,11,FALSE,3.1375E+17
Twitter for Android,Losers and haterseven you as low and dumb as you are can learn from watching Apprentice and checking out my tweets-you can still succeed!,3/3/2013 23:58,2327,2069,FALSE,3.08366E+17
Twitter for Android,Losers and haters are invited to watch Celebrity Apprentice along with the many great and productive people in the hope that you will learn.,3/3/2013 22:56,295,169,FALSE,3.0835E+17
Twitter for Android,@ZarkRiggs: @realDonaldTrump It's all about jealousy. You should just ignore their false reporting. But I'd rather expose them as losers!,3/3/2013 12:52,25,19,FALSE,3.08198E+17
Twitter for Android,@SPORTSGURU77: @realDonaldTrump who's Chris Jackson? A total loser but a loyal follower!,3/3/2013 3:20,18,15,FALSE,3.08054E+17
Twitter Web Client,One good aspect of the Obama depression is that it will separate the winners from the losers. If you can make it now you deserve it!,2/28/2013 20:25,551,242,FALSE,3.07225E+17
Twitter Web Client,The ruling @GOP consultant class of losers like @KarlRove have no respect for the Tea Party.  They do this at their own peril!,2/26/2013 21:12,72,28,FALSE,3.06512E+17
Twitter Web Client,Why do losers &amp; haters always say I wear a ‚Äúwig‚Äù when they know I don‚Äôt. Like it or not it‚Äôs all mine‚Äîjust ask Barbara Walters.,2/25/2013 16:19,1216,859,FALSE,3.06076E+17
Twitter for Android,@Yolie4MS. Loser!,2/21/2013 3:28,19,11,FALSE,3.04432E+17
Twitter for Android,@mldemmons.  Go Angelo failed and gave up - now wants more p.r.  - loser!,2/20/2013 21:34,1,1,FALSE,3.04343E+17
Mobile Web (M5),The many losers and haters never have the brains or stamina to become truly successful!,2/19/2013 22:40,531,262,FALSE,3.03997E+17
Twitter Web Client,If I‚Äôm the third most envied man in America the small group of haters and losers must be nauseas.,2/15/2013 22:48,875,818,FALSE,3.0255E+17
Twitter Web Client,It‚Äôs okay but why do the haters (&amp; losers) want to follow me on twitter?? Get a life!,2/12/2013 18:39,712,587,FALSE,3.014E+17
Twitter Web Client,‚ÄúDonald Trump: ‚ÄòKarl Rove Is A Total Loser‚Äô So Why Are People Still Giving Him Money?‚Äù  http://t.co/q2RldzhB via @Mediaite,2/11/2013 19:07,76,31,FALSE,3.01045E+17
Twitter Web Client,I don‚Äôt like bullies.  I am not going to stand around and watch @KarlRove target the Tea Party.  Karl Rove gave us Barack Obama. Loser.,2/11/2013 17:50,1571,1645,FALSE,3.01026E+17
Mobile Web (M5),@karlrove is a total loser...save your money!,2/8/2013 13:04,131,95,FALSE,2.99866E+17
Twitter Web Client,Karl Rove is a total loser. Money given to him might as well be thrown down the drain.,2/7/2013 17:49,406,206,FALSE,2.99576E+17
Twitter Web Client,@CoCo471031 You really sound like a loser no-name!,1/22/2013 15:09,8,5,FALSE,2.93737E+17
Twitter Web Client,@lcf42 @Deadspin They are total losers.,1/18/2013 17:57,16,7,FALSE,2.9233E+17
Twitter Web Client,@ThePhilliesGirl @CrossingBroad @Deadspin  Sad losers!,1/18/2013 17:54,34,32,FALSE,2.92329E+17
Twitter Web Client,.@Deadspin guys are total losers‚Äîthey had their story stolen right from under their bad complexions‚Äîother media capitalized!,1/18/2013 16:59,132,65,FALSE,2.92315E+17
Twitter Web Client,@mimi_187  Mimi--perhaps because they are losers.,1/3/2013 16:30,2,5,FALSE,2.86872E+17
Twitter Web Client,@Nc777ww  He is a loser who will self-destruct  just like @Rosie!,12/21/2012 14:46,9,6,FALSE,2.82135E+17
Twitter Web Client,Dummy Graydon Carter doesn't like me too much...great news. He is a real loser! @VanityFair,12/19/2012 20:19,49,30,FALSE,2.81494E+17
Twitter Web Client,Dopey Sugar @Lord_Sugar‚Äîyou are the worst kind of loser‚Äîa total fool.,12/10/2012 18:05,222,136,FALSE,2.78199E+17
Twitter Web Client,.@Lord_Sugar....but you wouldn‚Äôt notice because you have no vision and you are a total loser.,12/7/2012 17:02,209,81,FALSE,2.77096E+17
Twitter Web Client,@colonopenbrakit  He is a loser--Andy Murray is a winner!,12/6/2012 17:01,1,0,FALSE,2.76733E+17
Twitter Web Client,Scots should boycott Glenfiddich garbage for not choosing great Olympic &amp; U.S. Open champ Andy Murray over total loser Michael Forbes.,12/6/2012 16:48,91,18,FALSE,2.7673E+17
Twitter Web Client,@KarlRove is such an embarrassment that @FoxNews is keeping him off air http://t.co/amke76xg Rove should be out of politics. A total loser!,12/5/2012 22:24,126,22,FALSE,2.76452E+17
Twitter Web Client,@Beardymilne @wtfagain I know you are jealous of Forbes &amp; a total loser.,12/5/2012 18:00,9,5,FALSE,2.76385E+17
Twitter Web Client,Glenfiddich is a joke‚Äîshould have chosen Andy Murray‚ÄîU.S. Open &amp; Olympic gold winner‚Äîas Top Scot instead of a total loser!,12/5/2012 17:21,70,20,FALSE,2.76376E+17
Twitter Web Client,@Beardymilne @wtfagain David--I hear you are jealous &amp; angry that Forbes got the award over you--two losers!,12/5/2012 16:03,13,17,FALSE,2.76356E+17
Twitter Web Client,Michael Forbes is a loser who failed to stop what was just named ‚Äúthe golf course of the year‚Äù and which has brought ...,12/4/2012 16:25,42,15,FALSE,2.75999E+17
Twitter Web Client,Obama is laughing at Karl Rove &amp; all the losers who spent hundreds of millions of dollars and didn‚Äôt win one race including the big one!,12/3/2012 21:05,195,72,FALSE,2.75707E+17
Twitter Web Client,I was nice to loser @rosie and she attacked me--it just shows never let up with a bully. They only fade when you hit them hard!,11/20/2012 19:29,249,197,FALSE,2.70972E+17
Twitter Web Client,".@MRbelzer is a stone cold loser with no talent--why did they ever put him on ""Law and Order?""",11/6/2012 21:24,188,105,FALSE,2.65928E+17
Twitter Web Client,...a real loser named Tim O'Brien--and it's never recovered.,10/26/2012 15:05,25,13,FALSE,2.61846E+17
Twitter Web Client,@G_Harwood  Because they are either jealous or losers (or both).,10/18/2012 16:16,1,5,FALSE,2.58965E+17
Twitter Web Client,The Huffington Post is such a loser--it will die just as AOL is dying What a stupid deal AOL made to buy it!,8/16/2012 17:51,268,156,FALSE,2.36158E+17
Twitter Web Client,Lightweight reporter Alex Pareene @pareene is known as a total joke in political circles. Hence he writes for Loser Salon. @Salon,8/15/2012 18:33,212,138,FALSE,2.35806E+17
Twitter Web Client,Failure defeats losers failure inspires winners. -- Robert T. Kiyosaki@theRealKiyosaki,8/6/2012 20:37,524,149,FALSE,2.32576E+17
Twitter Web Client,Show me someone without an ego and I'll show you a loser. --How To Get Rich,7/19/2012 13:46,1708,413,FALSE,2.2595E+17
Twitter Web Client,I don't believe in government picking winners; or in the case of (@BarackObama) picking losers --@MittRomney,6/14/2012 19:32,97,20,FALSE,2.13353E+17
Twitter Web Client,Losers such as George Will and @Rosie use me to get publicity for themselves. They are strictly third rate.,5/29/2012 15:48,154,88,FALSE,2.07499E+17
Twitter Web Client,.@Cher attacked @MittRomney. She is an average talent who is out of touch with reality. Like @Rosie O'Donnell a total loser!,5/10/2012 15:10,715,465,FALSE,2.00604E+17
Twitter Web Client,Firing @lisalampanelli may have come as a surprise. She‚Äôs a strong player. But there are no losers at this late point. #sweepstweet,5/7/2012 2:58,45,19,FALSE,1.99332E+17
Twitter Web Client,My @SquawkCNBC interview discussing why @MittRomney is a great nominee gas prices and why George Will is a loser. http://t.co/O1bZO2yO,3/6/2012 17:07,32,9,FALSE,1.77078E+17
TweetDeck,I feel sorry for Rosie 's new partner in love whose parents are devastated at the thought of their daughter being with @Rosie--a true loser.,12/14/2011 16:45,667,463,FALSE,1.46994E+17
TweetDeck,The S&P are losers. They did this for personal publicity in order to straighten out their terrible reputatio‚Ä¶ (cont) http://deck.ly/~PgL6v,8/9/2011 17:40,209,19,FALSE,1.00985E+17
